LOCA_ID,GEOL_TOP,GEOL_BASE,GEOL_DESC,litoCode
O572,0.0,1.6,Nadklad,3
O461,0.0,5.9,Zwir,1
O551,0.0,12.3,Piasek,1
O125,0.0,16.7,Piasek,1
O220,0.0,15.8,Zwir,1
O335,0.0,19.0,Piasek,1
O338,0.0,7.5,Zwir,1
O357,0.0,6.1,Piasek,1
O357,42.9,44.4,Piasek,1
O365,0.0,4.3,Piasek,1
O468,0.0,22.6,Piasek,1
O491,0.0,9.0,Piasek,1
O574,0.0,11.3,Zwir,1
O5,0.0,19.1,Piasek,1
O5,46.0,50.2,Piasek,1
O27,0.0,23.0,Piasek,1
O35,0.0,16.4,Piasek,1
O70,0.0,10.4,Piasek,1
O72,0.0,6.5,Piasek,1
O127,0.0,18.1,Piasek,1
O137,0.0,20.8,Piasek,1
O153,0.0,22.1,Piasek,1
O156,0.0,2.5,Piasek,1
O182,0.0,16.8,Piasek,1
O191,0.0,10.3,Piasek,1
O200,0.0,16.5,Zwir,1
O203,0.0,13.0,Piasek,1
O252,0.0,9.9,Piasek,1
O258,0.0,17.9,Piasek,1
O267,0.0,13.4,Piasek,1
O271,0.0,17.4,Piasek,1
O304,0.0,22.1,Piasek,1
O308,0.0,4.1,Piasek,1
O323,0.0,15.0,Piasek,1
O323,73.5,75.0,Piasek,1
O328,0.0,11.4,Piasek,1
O350,0.0,17.4,Piasek,1
O352,0.0,14.9,Piasek,1
O354,0.0,17.4,Zwir,1
O373,0.0,10.5,Piasek,1
O382,0.0,4.2,Zwir,1
O382,67.6,75.1,Zwir,1
O383,0.0,12.5,Zwir,1
O384,0.0,3.7,Zwir,1
O384,62.8,64.3,Piasek,1
O385,0.0,7.3,Piasek,1
O413,0.0,8.0,Piasek,1
O435,0.0,14.3,Piasek,1
O435,80.0,86.5,Piasek,1
O497,0.0,8.1,Piasek,1
O498,0.0,28.5,Piasek,1
O512,0.0,9.0,Zwir,1
O515,0.0,19.5,Piasek,1
O529,0.0,5.2,Zwir,1
O537,0.0,6.5,Piasek,1
O546,0.0,5.7,Piasek,1
O584,0.0,5.5,Piasek,1
O133,0.0,22.7,Piasek,1
O63,0.0,21.5,Piasek,1
O396,0.0,8.0,Zwir,1
O103,0.0,2.2,Piasek,1
O375,0.0,4.6,Piasek,1
O439,0.0,5.7,Piasek,1
O547,0.0,4.8,Piasek,1
O331,0.0,6.6,Zwir,1
O14,0.0,4.6,Piasek,1
O22,63.3,64.0,Piasek,1
O23,0.0,23.6,Zwir,1
O31,0.0,18.7,Piasek,1
O40,0.0,10.5,Piasek,1
O40,45.0,58.0,Piasek,1
O126,0.0,5.6,Piasek,1
O126,58.0,58.8,Piasek,1
O136,0.0,22.0,Piasek,1
O136,56.0,61.0,Zwir,1
O163,59.3,63.0,Zwir,1
O164,37.3,40.2,Zwir,1
O186,0.0,20.0,Piasek,1
O202,0.0,15.2,Piasek,1
O202,80.5,81.4,Piasek,1
O205,46.0,48.0,Piasek,1
O232,33.6,40.6,Zwir,1
O255,46.7,48.4,Piasek,1
O261,47.2,48.8,Piasek,1
O269,0.0,17.7,Piasek,1
O269,70.8,73.3,Piasek,1
O376,0.0,6.7,Piasek,1
O406,0.0,8.2,Zwir,1
O406,59.2,61.1,Zwir,1
O480,38.3,41.0,Zwir,1
O520,0.0,10.0,Zwir,1
O597,32.2,38.0,Zwir,1
O601,0.0,17.0,Zwir,1
O601,45.4,52.4,Piasek,1
O89,0.0,8.6,Piasek,1
O256,0.0,13.5,Piasek,1
O256,75.6,78.6,Zwir,1
O272,0.0,20.1,Piasek,1
O371,0.0,20.0,Piasek,1
O492,0.0,12.0,Piasek,1
O540,0.0,21.0,Piasek,1
O530,0.0,16.0,Piasek,1
O188,0.0,17.6,Piasek,1
O192,0.0,3.0,Piasek,1
O229,0.0,12.2,Piasek,1
O476,0.0,6.8,Zwir,1
O581,0.0,7.4,Zwir,1
O578,0.0,7.9,Zwir,1
O578,37.2,38.5,Piasek,1
O80,0.0,16.3,Piasek,1
O117,0.0,16.2,Zwir,1
O316,0.0,13.2,Piasek,1
O427,0.0,20.8,Piasek,1
O427,45.7,49.6,Zwir,1
O511,0.0,19.5,Piasek,1
O542,0.0,3.6,Piasek,1
O260,0.0,14.5,Zwir,1
O343,0.0,6.7,Piasek,1
O451,0.0,5.8,Zwir,1
O596,0.0,7.2,Piasek,1
O2,0.0,6.6,Zwir,1
O9,59.5,62.2,Zwir,1
O10,0.0,14.2,Piasek,1
O10,36.0,38.5,Zwir,1
O17,0.0,19.1,Piasek,1
O123,0.0,18.0,Piasek,1
O190,0.0,5.0,Piasek,1
O214,0.0,19.6,Piasek,1
O278,0.0,15.6,Piasek,1
O390,0.0,4.2,Piasek,1
O420,0.0,6.0,Zwir,1
O465,0.0,16.5,Piasek,1
O479,0.0,16.1,Piasek,1
O485,0.0,21.6,Piasek,1
O488,0.0,4.8,Piasek,1
O538,44.8,50.0,Zwir,1
O548,0.0,11.6,Piasek,1
O569,0.0,2.4,Piasek,1
O469,0.0,2.3,Piasek,1
O362,0.0,5.0,Zwir,1
O16,0.0,9.1,Piasek,1
O20,0.0,3.6,Piasek,1
O56,0.0,8.0,Piasek,1
O455,0.0,6.0,Zwir,1
O493,0.0,17.3,Piasek,1
O535,0.0,22.8,Piasek,1
O378,0.0,7.6,Piasek,1
O99,0.0,13.5,Piasek,1
O1,0.0,15.1,Piasek,1
O3,0.0,13.6,Piasek,1
O15,0.0,19.1,Piasek,1
O19,0.0,21.0,Piasek,1
O21,0.0,23.8,Zwir,1
O28,0.0,12.7,Zwir,1
O29,0.0,20.2,Piasek,1
O30,0.0,6.2,Piasek,1
O33,0.0,17.6,Zwir,1
O33,79.8,81.0,Zwir,1
O38,0.0,14.0,Zwir,1
O41,0.0,3.5,Zwir,1
O42,0.0,12.7,Piasek,1
O42,84.3,85.0,Zwir,1
O45,0.0,12.5,Piasek,1
O45,80.0,82.0,Piasek,1
O46,0.0,6.6,Piasek,1
O51,0.0,2.2,Piasek,1
O53,0.0,18.0,Piasek,1
O55,0.0,21.6,Zwir,1
O57,0.0,21.3,Zwir,1
O58,0.0,5.0,Zwir,1
O59,0.0,20.1,Piasek,1
O61,0.0,13.2,Piasek,1
O62,0.0,3.0,Zwir,1
O62,67.9,70.5,Zwir,1
O65,0.0,21.2,Piasek,1
O67,0.0,22.6,Piasek,1
O68,0.0,10.2,Piasek,1
O69,0.0,21.6,Piasek,1
O71,0.0,19.3,Piasek,1
O74,0.0,3.3,Zwir,1
O76,0.0,3.0,Piasek,1
O77,0.0,7.4,Piasek,1
O79,0.0,6.2,Piasek,1
O87,26.8,27.0,Zwir,1
O92,0.0,27.1,Zwir,1
O96,0.0,22.2,Piasek,1
O108,0.0,4.7,Piasek,1
O108,67.9,72.3,Zwir,1
O110,0.0,20.2,Piasek,1
O112,0.0,20.4,Piasek,1
O114,0.0,21.7,Piasek,1
O116,0.0,24.5,Piasek,1
O116,86.8,87.5,Zwir,1
O118,0.0,20.5,Piasek,1
O119,0.0,22.3,Piasek,1
O120,0.0,9.7,Piasek,1
O121,0.0,16.4,Piasek,1
O122,57.9,58.1,Zwir,1
O124,0.0,6.0,Piasek,1
O124,59.7,61.0,Piasek,1
O129,0.0,16.3,Zwir,1
O134,0.0,19.8,Piasek,1
O135,0.0,8.8,Piasek,1
O138,0.0,23.0,Piasek,1
O139,0.0,14.3,Piasek,1
O141,0.0,14.2,Zwir,1
O142,0.0,18.0,Piasek,1
O144,0.0,18.3,Piasek,1
O148,0.0,5.0,Zwir,1
O150,0.0,6.9,Zwir,1
O151,0.0,3.9,Zwir,1
O152,0.0,12.2,Piasek,1
O155,0.0,19.6,Piasek,1
O157,0.0,19.8,Piasek,1
O167,51.4,52.3,Piasek,1
O169,0.0,6.2,Zwir,1
O169,56.9,58.5,Zwir,1
O171,0.0,8.0,Zwir,1
O173,0.0,3.0,Zwir,1
O178,69.8,70.7,Zwir,1
O180,0.0,6.3,Piasek,1
O184,0.0,15.0,Piasek,1
O187,14.2,15.2,Zwir,1
O189,0.0,30.1,Piasek,1
O189,72.5,73.5,Piasek,1
O195,0.0,18.8,Zwir,1
O195,52.0,52.5,Piasek,1
O198,0.0,17.7,Zwir,1
O198,75.8,76.4,Piasek,1
O199,0.0,18.4,Piasek,1
O210,0.0,15.3,Piasek,1
O210,45.3,46.0,Piasek,1
O211,0.0,22.3,Zwir,1
O212,0.0,18.6,Piasek,1
O217,0.0,17.1,Piasek,1
O219,0.0,7.9,Piasek,1
O223,0.0,7.6,Piasek,1
O223,37.2,38.0,Piasek,1
O225,0.0,7.2,Piasek,1
O226,0.0,4.6,Piasek,1
O240,0.0,3.0,Piasek,1
O241,0.0,12.5,Piasek,1
O246,0.0,20.1,Zwir,1
O248,0.0,20.0,Piasek,1
O250,0.0,8.0,Piasek,1
O251,0.0,18.3,Piasek,1
O253,0.0,11.5,Piasek,1
O262,0.0,17.5,Piasek,1
O262,76.2,77.2,Piasek,1
O265,0.0,13.7,Piasek,1
O265,76.4,77.0,Piasek,1
O273,0.0,5.2,Piasek,1
O274,0.0,11.2,Piasek,1
O274,63.7,64.1,Piasek,1
O275,0.0,3.0,Piasek,1
O276,0.0,19.8,Zwir,1
O277,0.0,10.5,Piasek,1
O282,0.0,16.4,Piasek,1
O284,0.0,7.5,Piasek,1
O286,0.0,16.0,Zwir,1
O288,0.0,22.3,Zwir,1
O290,0.0,13.9,Piasek,1
O291,0.0,12.2,Piasek,1
O293,0.0,8.8,Zwir,1
O297,0.0,16.1,Piasek,1
O298,0.0,10.6,Piasek,1
O302,0.0,15.8,Piasek,1
O306,0.0,24.8,Zwir,1
O310,0.0,9.8,Piasek,1
O315,0.0,8.7,Piasek,1
O315,47.0,47.5,Piasek,1
O318,0.0,12.8,Piasek,1
O318,72.5,73.5,Zwir,1
O319,0.0,20.6,Piasek,1
O321,0.0,24.0,Piasek,1
O326,67.4,67.5,Zwir,1
O329,0.0,4.4,Zwir,1
O330,0.0,12.4,Piasek,1
O333,0.0,7.4,Zwir,1
O334,63.1,67.5,Zwir,1
O339,0.0,15.2,Zwir,1
O345,0.0,21.2,Piasek,1
O349,0.0,15.4,Piasek,1
O356,0.0,29.2,Piasek,1
O358,0.0,2.6,Zwir,1
O359,0.0,6.0,Zwir,1
O363,0.0,2.2,Piasek,1
O367,48.1,48.8,Piasek,1
O369,0.0,2.8,Piasek,1
O370,0.0,4.7,Zwir,1
O377,0.0,12.7,Piasek,1
O379,0.0,10.4,Piasek,1
O380,0.0,18.4,Piasek,1
O381,0.0,5.7,Piasek,1
O391,0.0,5.7,Piasek,1
O395,0.0,6.1,Piasek,1
O402,0.0,8.4,Zwir,1
O409,0.0,2.8,Piasek,1
O410,0.0,10.4,Zwir,1
O634,0.0,21.5,Piasek,1
O416,0.0,18.8,Piasek,1
O421,0.0,12.8,Piasek,1
O421,72.5,73.5,Zwir,1
O425,0.0,12.5,Piasek,1
O428,0.0,22.3,Piasek,1
O431,0.0,13.8,Zwir,1
O433,0.0,4.6,Piasek,1
O434,0.0,22.4,Piasek,1
O437,0.0,7.3,Piasek,1
O438,0.0,7.4,Piasek,1
O443,50.3,51.0,Zwir,1
O448,0.0,14.6,Zwir,1
O635,0.0,17.2,Zwir,1
O452,0.0,8.2,Zwir,1
O460,0.0,6.3,Zwir,1
O466,0.0,18.2,Piasek,1
O474,41.6,42.5,Zwir,1
O482,0.0,3.1,Piasek,1
O483,0.0,5.5,Zwir,1
O486,0.0,2.8,Zwir,1
O490,0.0,26.5,Piasek,1
O495,0.0,23.7,Zwir,1
O496,0.0,9.6,Zwir,1
O503,0.0,4.5,Piasek,1
O504,0.0,11.5,Zwir,1
O506,0.0,3.8,Piasek,1
O510,0.0,9.8,Piasek,1
O513,0.0,21.6,Piasek,1
O519,0.0,18.7,Zwir,1
O522,0.0,19.5,Piasek,1
O522,88.0,89.0,Piasek,1
O523,0.0,9.6,Piasek,1
O524,0.0,15.5,Piasek,1
O524,46.7,50.8,Piasek,1
O527,0.0,16.7,Zwir,1
O528,0.0,3.6,Zwir,1
O531,25.2,26.5,Zwir,1
O533,0.0,13.0,Piasek,1
O536,0.0,19.8,Zwir,1
O550,0.0,8.5,Piasek,1
O552,0.0,18.7,Piasek,1
O552,50.4,51.0,Piasek,1
O553,0.0,15.0,Zwir,1
O555,0.0,17.0,Zwir,1
O557,0.0,21.0,Zwir,1
O559,0.0,24.8,Zwir,1
O561,0.0,25.0,Piasek,1
O564,0.0,26.0,Piasek,1
O566,0.0,28.5,Piasek,1
O567,0.0,3.0,Piasek,1
O568,0.0,20.5,Piasek,1
O570,0.0,16.7,Piasek,1
O573,0.0,17.8,Piasek,1
O576,0.0,19.9,Zwir,1
O576,42.5,56.3,Piasek,1
O579,71.2,72.0,Zwir,1
O636,0.0,11.5,Piasek,1
O583,0.0,5.7,Piasek,1
O585,0.0,5.0,Zwir,1
O590,0.0,2.1,Zwir,1
O592,0.0,6.7,Zwir,1
O602,0.0,5.7,Zwir,1
O327,42.0,45.4,Nadklad,3
O462,32.5,35.5,Wegiel,2
O461,34.0,35.3,Zwietrzelina,2
O266,37.0,39.0,Wegiel,2
O388,12.0,13.5,Zwietrzelina,2
O85,22.8,25.0,Wegiel,2
O125,72.0,77.1,Zwietrzelina,2
O220,26.9,32.0,Lupek,2
O468,36.5,43.5,Zwietrzelina,2
O27,56.3,59.8,Wegiel,2
O49,39.1,40.0,Zwietrzelina,2
O66,43.0,48.3,Wegiel,2
O72,39.1,44.0,Wegiel,2
O100,32.0,39.7,Wegiel,2
O127,58.8,62.0,Wegiel,2
O153,36.5,39.5,Wegiel,2
O156,29.2,46.7,Wegiel,2
O182,44.9,51.0,Wegiel,2
O191,23.5,33.0,Zwietrzelina,2
O194,35.1,40.4,Wegiel,2
O200,56.3,62.6,Wegiel,2
O209,35.5,39.4,Wegiel,2
O228,28.2,32.3,Wegiel,2
O243,29.1,32.0,Wegiel,2
O247,32.5,35.0,Wegiel,2
O252,27.8,31.6,Zwietrzelina,2
O254,35.0,38.0,Wegiel,2
O267,53.5,56.3,Wegiel,2
O271,51.1,56.0,Wegiel,2
O299,21.6,26.0,Wegiel,2
O304,54.5,76.0,Wegiel,2
O308,47.5,50.5,Wegiel,2
O309,35.3,42.1,Wegiel,2
O325,47.8,50.5,Wegiel,2
O328,48.2,54.1,Wegiel,2
O352,26.7,31.0,Zwietrzelina,2
O354,57.6,60.5,Wegiel,2
O373,79.4,81.3,Zwietrzelina,2
O383,47.0,48.5,Wegiel,2
O385,46.0,48.4,Wegiel,2
O405,46.0,49.0,Wegiel,2
O407,43.3,47.0,Wegiel,2
O417,18.3,24.5,Zwietrzelina,2
O442,33.1,44.0,Wegiel,2
O467,26.9,36.6,Wegiel,2
O475,28.1,33.7,Zwietrzelina,2
O494,15.3,18.0,Zwietrzelina,2
O497,42.8,45.3,Wegiel,2
O498,58.0,61.0,Wegiel,2
O512,58.3,81.0,Zwietrzelina,2
O514,46.0,50.0,Wegiel,2
O515,66.5,84.5,Wegiel,2
O525,32.2,34.2,Wegiel,2
O529,39.3,48.0,Wegiel,2
O537,16.4,19.0,Lupek,2
O544,39.2,41.0,Zwietrzelina,2
O545,42.3,49.1,Zwietrzelina,2
O546,47.2,55.0,Wegiel,2
O560,10.0,13.5,Zwietrzelina,2
O577,37.4,49.0,Wegiel,2
O584,41.3,44.6,Wegiel,2
O586,42.3,45.0,Wegiel,2
O587,42.7,45.4,Wegiel,2
O600,40.7,42.0,Wegiel,2
O133,70.9,74.9,Wegiel,2
O52,37.2,45.0,Lupek,2
O63,40.8,43.5,Wegiel,2
O301,18.6,21.4,Wegiel,2
O444,26.5,30.0,Wegiel,2
O12,11.3,17.8,Zwietrzelina,2
O103,25.4,27.5,Zwietrzelina,2
O637,5.0,9.8,Zwietrzelina,2
O375,25.5,32.0,Zwietrzelina,2
O501,3.0,8.1,Zwietrzelina,2
O547,14.8,19.0,Zwietrzelina,2
O588,10.0,16.4,Zwietrzelina,2
O638,12.0,15.5,Zwietrzelina,2
O23,58.1,73.5,Wegiel,2
O346,41.5,43.0,Zwietrzelina,2
O399,31.4,37.5,Zwietrzelina,2
O404,53.8,58.0,Zwietrzelina,2
O411,22.5,33.5,Zwietrzelina,2
O458,13.7,16.7,Zwietrzelina,2
O473,25.3,31.0,Zwietrzelina,2
O499,22.3,35.5,Zwietrzelina,2
O507,2.9,15.2,Lupek,2
O520,11.2,16.0,Lupek,2
O94,45.0,46.4,Zwietrzelina,2
O54,47.3,55.2,Zwietrzelina,2
O424,35.4,48.0,Zwietrzelina,2
O260,52.8,56.0,Wegiel,2
O8,28.8,33.5,Lupek,2
O17,37.6,71.0,Wegiel,2
O222,41.3,51.0,Zwietrzelina,2
O390,47.5,61.4,Wegiel,2
O397,16.4,20.1,Lupek,2
O453,32.3,47.7,Wegiel,2
O465,49.6,58.0,Wegiel,2
O412,29.9,33.0,Zwietrzelina,2
O362,16.9,20.8,Lupek,2
O1,78.0,79.0,Zwietrzelina,2
O3,33.8,36.5,Zwietrzelina,2
O4,24.3,31.7,Wegiel,2
O15,54.5,56.5,Wegiel,2
O18,43.0,46.0,Wegiel,2
O19,49.8,52.5,Wegiel,2
O21,60.9,64.0,Wegiel,2
O24,27.6,29.0,Zwietrzelina,2
O26,45.6,48.6,Wegiel,2
O28,42.5,45.5,Wegiel,2
O29,55.0,60.0,Wegiel,2
O30,35.0,37.6,Wegiel,2
O32,27.7,30.0,Wegiel,2
O34,27.6,30.2,Wegiel,2
O36,23.5,25.5,Wegiel,2
O37,18.8,20.7,Zwietrzelina,2
O39,17.7,20.0,Zwietrzelina,2
O41,28.5,31.5,Wegiel,2
O43,34.8,37.0,Wegiel,2
O44,31.0,31.3,Zwietrzelina,2
O46,38.2,42.8,Zwietrzelina,2
O47,22.8,25.2,Zwietrzelina,2
O48,18.5,22.0,Zwietrzelina,2
O51,49.2,52.0,Zwietrzelina,2
O53,56.3,61.0,Wegiel,2
O55,57.0,59.3,Wegiel,2
O57,56.4,58.7,Wegiel,2
O58,30.8,31.6,Wegiel,2
O59,56.5,59.0,Wegiel,2
O60,33.0,34.0,Wegiel,2
O65,38.8,41.2,Wegiel,2
O67,41.1,44.0,Wegiel,2
O68,43.5,46.5,Wegiel,2
O69,49.4,51.4,Wegiel,2
O71,51.1,53.2,Wegiel,2
O73,39.0,41.0,Wegiel,2
O74,37.5,40.2,Wegiel,2
O75,36.1,39.0,Wegiel,2
O76,22.7,24.6,Zwietrzelina,2
O639,0.0,3.4,Wegiel,2
O79,34.5,35.6,Wegiel,2
O83,30.0,32.0,Wegiel,2
O84,37.4,39.4,Zwietrzelina,2
O86,25.1,29.2,Zwietrzelina,2
O88,40.4,43.0,Wegiel,2
O90,37.6,40.0,Wegiel,2
O91,31.0,33.0,Wegiel,2
O92,36.4,42.0,Wegiel,2
O93,28.5,30.0,Wegiel,2
O97,70.0,71.5,Zwietrzelina,2
O98,37.5,39.3,Wegiel,2
O101,19.3,20.2,Zwietrzelina,2
O104,39.8,42.8,Wegiel,2
O110,52.5,54.5,Wegiel,2
O112,54.5,57.3,Wegiel,2
O118,63.2,65.2,Wegiel,2
O119,69.3,74.5,Zwietrzelina,2
O120,31.7,32.7,Wegiel,2
O121,55.0,56.5,Wegiel,2
O128,42.3,43.3,Wegiel,2
O131,17.2,20.1,Lupek,2
O135,66.3,68.3,Zwietrzelina,2
O140,37.9,40.0,Wegiel,2
O144,38.2,38.8,Wegiel,2
O145,37.5,40.5,Wegiel,2
O146,37.5,40.5,Wegiel,2
O147,36.5,39.5,Wegiel,2
O148,53.0,56.0,Wegiel,2
O149,37.5,40.0,Wegiel,2
O150,37.5,39.0,Wegiel,2
O152,38.9,40.0,Wegiel,2
O154,25.2,27.5,Wegiel,2
O160,31.2,32.3,Wegiel,2
O161,39.0,44.0,Wegiel,2
O162,55.6,56.4,Zwietrzelina,2
O171,35.3,37.3,Wegiel,2
O172,29.0,30.1,Wegiel,2
O173,36.4,38.6,Wegiel,2
O174,33.9,35.9,Wegiel,2
O176,37.0,39.8,Wegiel,2
O179,37.4,40.5,Wegiel,2
O180,49.4,50.5,Wegiel,2
O181,36.8,40.5,Wegiel,2
O183,35.3,38.0,Wegiel,2
O184,65.5,68.5,Zwietrzelina,2
O185,36.8,39.4,Wegiel,2
O193,34.7,37.7,Wegiel,2
O196,34.3,36.5,Wegiel,2
O197,34.6,37.0,Wegiel,2
O199,35.0,38.0,Wegiel,2
O201,34.4,37.0,Wegiel,2
O204,32.6,33.7,Wegiel,2
O206,29.1,31.0,Wegiel,2
O208,17.7,20.0,Wegiel,2
O211,33.2,34.8,Wegiel,2
O215,39.2,41.2,Wegiel,2
O217,35.5,37.0,Wegiel,2
O219,36.2,37.4,Wegiel,2
O221,43.0,43.5,Wegiel,2
O224,48.5,49.2,Zwietrzelina,2
O230,25.8,28.6,Wegiel,2
O231,25.3,26.7,Zwietrzelina,2
O234,38.2,40.2,Wegiel,2
O235,38.2,40.4,Wegiel,2
O236,27.0,28.0,Wegiel,2
O237,37.6,40.3,Wegiel,2
O238,29.0,30.9,Wegiel,2
O239,29.3,31.0,Wegiel,2
O242,38.5,40.6,Wegiel,2
O244,34.9,37.0,Wegiel,2
O245,33.6,36.0,Wegiel,2
O246,38.2,39.2,Wegiel,2
O248,36.2,37.6,Wegiel,2
O249,31.0,33.5,Wegiel,2
O253,32.0,34.6,Zwietrzelina,2
O259,37.5,40.8,Wegiel,2
O263,35.9,39.0,Wegiel,2
O270,29.6,30.0,Zwietrzelina,2
O273,53.7,55.9,Wegiel,2
O276,40.2,41.0,Wegiel,2
O279,37.7,40.7,Wegiel,2
O281,40.7,43.2,Wegiel,2
O282,37.5,40.5,Wegiel,2
O283,36.7,40.0,Wegiel,2
O284,37.2,39.5,Wegiel,2
O285,39.2,41.5,Wegiel,2
O286,50.2,52.0,Wegiel,2
O287,26.2,26.6,Zwietrzelina,2
O288,42.3,43.0,Wegiel,2
O289,32.6,33.7,Wegiel,2
O291,34.5,38.5,Wegiel,2
O292,31.3,31.7,Wegiel,2
O293,25.8,28.1,Zwietrzelina,2
O294,32.3,33.0,Wegiel,2
O295,31.5,32.0,Wegiel,2
O296,30.4,32.0,Wegiel,2
O298,37.5,38.0,Wegiel,2
O302,44.2,46.1,Wegiel,2
O303,18.8,21.5,Wegiel,2
O306,45.2,46.2,Wegiel,2
O320,23.0,25.6,Wegiel,2
O321,42.2,43.7,Wegiel,2
O332,47.3,50.0,Wegiel,2
O336,25.0,27.0,Wegiel,2
O337,42.0,43.5,Wegiel,2
O339,48.5,50.0,Wegiel,2
O341,8.5,11.0,Zwietrzelina,2
O342,11.8,13.0,Zwietrzelina,2
O344,27.4,30.6,Zwietrzelina,2
O345,30.3,31.0,Zwietrzelina,2
O351,38.5,41.0,Wegiel,2
O353,40.8,44.0,Zwietrzelina,2
O355,23.5,25.9,Wegiel,2
O356,43.5,45.0,Wegiel,2
O358,20.4,21.0,Zwietrzelina,2
O360,10.1,11.5,Zwietrzelina,2
O361,11.5,12.0,Zwietrzelina,2
O363,33.5,35.1,Zwietrzelina,2
O364,50.1,52.6,Wegiel,2
O370,39.9,46.2,Zwietrzelina,2
O372,25.5,29.0,Wegiel,2
O379,52.5,58.2,Wegiel,2
O380,54.8,57.0,Wegiel,2
O381,35.7,37.7,Wegiel,2
O387,9.2,15.0,Zwietrzelina,2
O391,48.0,51.0,Wegiel,2
O640,5.6,7.1,Zwietrzelina,2
O392,11.2,12.5,Zwietrzelina,2
O393,13.3,14.0,Zwietrzelina,2
O394,25.0,25.6,Wegiel,2
O395,56.7,57.7,Wegiel,2
O398,45.3,48.0,Zwietrzelina,2
O402,38.3,39.6,Wegiel,2
O403,45.0,46.0,Zwietrzelina,2
O408,33.4,41.3,Zwietrzelina,2
O409,16.6,19.8,Zwietrzelina,2
O410,16.0,18.0,Zwietrzelina,2
O634,21.5,26.0,Zwietrzelina,2
O414,27.5,29.3,Zwietrzelina,2
O415,28.6,30.8,Zwietrzelina,2
O416,49.2,50.2,Wegiel,2
O425,45.1,48.5,Wegiel,2
O428,30.7,31.6,Wegiel,2
O431,32.7,33.7,Wegiel,2
O432,37.0,39.5,Wegiel,2
O433,48.0,49.3,Wegiel,2
O440,9.6,14.5,Zwietrzelina,2
O445,32.0,34.0,Zwietrzelina,2
O448,39.6,40.5,Zwietrzelina,2
O449,26.0,29.0,Wegiel,2
O450,27.2,30.5,Wegiel,2
O452,33.9,37.0,Wegiel,2
O459,33.6,35.3,Zwietrzelina,2
O460,34.1,36.2,Zwietrzelina,2
O641,0.9,5.8,Zwietrzelina,2
O642,1.5,8.0,Zwietrzelina,2
O466,33.5,36.5,Wegiel,2
O471,31.4,34.6,Wegiel,2
O472,12.6,21.2,Zwietrzelina,2
O643,6.8,8.0,Zwietrzelina,2
O477,33.1,40.7,Zwietrzelina,2
O478,45.5,46.0,Zwietrzelina,2
O482,24.2,25.6,Wegiel,2
O483,22.1,24.1,Zwietrzelina,2
O484,37.4,38.4,Wegiel,2
O486,26.8,27.0,Zwietrzelina,2
O487,17.5,19.7,Zwietrzelina,2
O489,10.5,15.5,Zwietrzelina,2
O495,55.3,57.5,Wegiel,2
O496,29.0,31.2,Zwietrzelina,2
O503,41.5,43.0,Wegiel,2
O505,17.5,22.0,Zwietrzelina,2
O506,14.5,17.0,Zwietrzelina,2
O508,6.4,11.0,Zwietrzelina,2
O510,32.2,35.5,Wegiel,2
O513,64.0,65.5,Wegiel,2
O516,27.7,30.0,Zwietrzelina,2
O518,33.3,35.5,Wegiel,2
O519,58.4,61.4,Wegiel,2
O521,25.3,28.1,Wegiel,2
O523,29.9,32.5,Wegiel,2
O526,29.0,31.0,Wegiel,2
O528,47.9,50.2,Wegiel,2
O536,42.3,43.8,Zwietrzelina,2
O541,45.2,47.5,Wegiel,2
O543,37.9,42.0,Wegiel,2
O549,36.2,38.9,Wegiel,2
O550,48.5,50.3,Wegiel,2
O553,37.0,38.0,Zwietrzelina,2
O554,48.0,50.0,Wegiel,2
O555,39.8,40.5,Wegiel,2
O556,43.5,45.5,Wegiel,2
O557,42.5,43.2,Wegiel,2
O558,13.7,16.5,Zwietrzelina,2
O559,42.5,43.8,Wegiel,2
O561,41.5,43.0,Wegiel,2
O562,10.4,21.8,Zwietrzelina,2
O563,20.7,21.0,Zwietrzelina,2
O564,41.4,43.5,Wegiel,2
O565,19.3,22.6,Zwietrzelina,2
O566,41.0,43.0,Wegiel,2
O567,13.0,22.0,Zwietrzelina,2
O568,41.1,42.7,Wegiel,2
O570,34.9,36.4,Wegiel,2
O571,17.4,27.7,Zwietrzelina,2
O572,19.7,31.0,Zwietrzelina,2
O573,35.5,37.5,Wegiel,2
O575,11.9,15.0,Zwietrzelina,2
O636,48.6,50.1,Wegiel,2
O582,47.7,50.0,Wegiel,2
O585,45.0,47.0,Wegiel,2
O589,36.0,37.0,Wegiel,2
O590,23.6,26.0,Wegiel,2
O591,36.5,39.0,Wegiel,2
O592,31.2,32.7,Wegiel,2
O593,22.2,26.0,Zwietrzelina,2
O594,22.2,27.0,Zwietrzelina,2
O598,43.3,47.0,Zwietrzelina,2
O599,32.9,35.0,Zwietrzelina,2
O602,35.2,36.2,Zwietrzelina,2
O388,0.0,1.6,Nadklad,3
O494,0.0,0.6,Nadklad,3
O331,42.7,44.2,Nadklad,3
O13,61.5,63.0,Nadklad,3
O300,50.3,52.2,Nadklad,3
O89,27.0,30.2,Nadklad,3
O222,0.0,0.9,Nadklad,3
O175,0.0,0.8,Nadklad,3
O289,0.0,1.3,Nadklad,3
O372,0.0,1.7,Nadklad,3
O562,0.0,0.8,Nadklad,3
O575,0.0,0.7,Nadklad,3
O462,0.0,10.5,Glina,3
O462,10.5,32.5,Il,4
O461,5.9,34.0,Il,4
O551,12.3,85.4,Il,4
O551,85.4,86.9,Mul,3
O266,0.0,23.1,Glina,3
O266,23.1,37.0,Il,4
O388,1.6,12.0,Il,4
O85,0.0,5.8,Glina,3
O85,5.8,22.8,Il,4
O125,16.7,72.0,Il,4
O220,15.8,26.9,Il,4
O335,19.0,84.0,Il,4
O335,84.0,86.5,Mul,3
O338,7.5,44.4,Il,4
O338,44.4,47.5,Il,4
O347,0.0,6.3,Glina,3
O347,6.3,42.1,Il,4
O347,42.1,43.0,Il,4
O357,6.1,42.9,Il,4
O365,4.3,47.2,Il,4
O365,47.2,49.3,Mul,3
O400,0.0,7.0,Glina,3
O400,7.0,58.7,Il,4
O400,58.7,64.4,Il,4
O468,22.6,36.5,Il,4
O491,9.0,65.3,Il,4
O491,65.3,67.0,Mul,3
O574,11.3,42.8,Il,4
O574,42.8,50.6,Mul,3
O159,0.0,15.7,Glina,3
O159,15.7,43.1,Il,4
O159,43.1,45.2,Mul,3
O314,0.0,21.7,Mul,3
O314,21.7,49.3,Il,4
O314,49.3,50.4,Mul,3
O5,19.1,46.0,Il,4
O27,23.0,56.3,Il,4
O35,16.4,87.0,Il,4
O35,87.0,91.5,Mul,3
O49,0.0,6.7,Glina,3
O49,6.7,39.1,Il,4
O66,0.0,7.8,Glina,3
O66,7.8,43.0,Il,4
O70,10.4,59.0,Il,4
O70,59.0,62.0,Mul,3
O72,6.5,39.1,Il,4
O100,0.0,18.5,Glina,3
O100,18.5,32.0,Il,4
O127,18.1,58.8,Il,4
O137,20.8,40.0,Il,4
O137,40.0,42.0,Mul,3
O153,22.1,36.5,Il,4
O156,2.5,31.7,Il,4
O182,16.8,44.9,Il,4
O191,10.3,23.5,Il,4
O194,0.0,20.0,Glina,3
O194,20.0,35.1,Il,4
O200,16.5,56.3,Il,4
O203,13.0,41.6,Il,4
O203,41.6,45.0,Mul,3
O209,0.0,1.0,Glina,3
O209,1.0,35.5,Il,4
O228,0.0,1.0,Glina,3
O228,1.0,28.2,Il,4
O243,0.0,13.2,Il,4
O243,13.2,29.1,Il,4
O247,0.0,15.0,Mul,3
O247,15.0,32.5,Il,4
O252,9.9,27.8,Il,4
O254,0.0,14.1,Glina,3
O254,14.1,35.0,Il,4
O258,17.9,43.3,Il,4
O258,43.3,45.6,Mul,3
O267,13.4,53.5,Il,4
O271,17.4,51.1,Il,4
O299,0.0,1.5,Glina,3
O299,1.5,21.6,Il,4
O304,22.1,54.5,Il,4
O308,4.1,47.5,Il,4
O309,0.0,3.0,Glina,3
O309,3.0,35.3,Il,4
O322,0.0,12.3,Glina,3
O322,12.3,40.4,Il,4
O322,40.4,43.5,Mul,3
O323,15.0,73.5,Il,4
O324,0.0,11.8,Glina,3
O324,11.8,70.0,Il,4
O324,70.0,75.0,Mul,3
O325,0.0,12.1,Glina,3
O325,12.1,47.8,Il,4
O328,11.4,48.2,Il,4
O350,17.4,85.8,Il,4
O350,85.8,88.0,Mul,3
O352,14.9,26.7,Il,4
O354,17.4,57.6,Il,4
O368,0.0,12.1,Glina,3
O368,12.1,35.6,Il,4
O368,35.6,38.5,Mul,3
O373,10.5,79.4,Il,4
O382,4.2,67.6,Il,4
O383,12.5,47.0,Il,4
O384,3.7,62.8,Il,4
O385,7.3,46.0,Il,4
O405,0.0,18.1,Glina,3
O405,18.1,46.0,Il,4
O407,0.0,8.7,Glina,3
O407,8.7,43.3,Il,4
O413,8.0,77.0,Il,4
O413,77.0,80.9,Mul,3
O417,0.0,4.7,Glina,3
O417,4.7,18.3,Il,4
O429,0.0,10.4,Glina,3
O429,10.4,32.5,Il,4
O429,32.5,38.7,Mul,3
O435,14.3,80.0,Il,4
O442,0.0,2.3,Glina,3
O442,2.3,33.1,Il,4
O467,0.0,5.4,Glina,3
O467,5.4,26.9,Il,4
O475,0.0,3.9,Mul,3
O475,3.9,28.1,Il,4
O494,0.6,15.3,Il,4
O497,8.1,42.8,Il,4
O498,28.5,58.0,Il,4
O512,9.0,58.3,Il,4
O514,0.0,2.8,Glina,3
O514,2.8,46.0,Il,4
O515,19.5,66.5,Il,4
O525,0.0,9.0,Glina,3
O525,9.0,32.2,Il,4
O529,5.2,39.3,Il,4
O537,6.5,16.4,Il,4
O539,0.0,5.0,Glina,3
O539,5.0,42.5,Il,4
O539,42.5,45.3,Mul,3
O544,0.0,1.3,Glina,3
O544,1.3,39.2,Il,4
O545,0.0,1.1,Glina,3
O545,1.1,42.3,Il,4
O546,5.7,47.2,Il,4
O560,0.0,4.6,Mul,3
O560,4.6,10.0,Il,4
O577,0.0,16.8,Il,4
O577,16.8,37.4,Il,4
O584,5.5,41.3,Il,4
O586,0.0,1.2,Glina,3
O586,1.2,42.3,Il,4
O587,0.0,1.3,Glina,3
O587,1.3,42.7,Il,4
O600,0.0,12.3,Glina,3
O600,12.3,40.7,Il,4
O133,22.7,70.9,Il,4
O52,0.0,2.4,Glina,3
O52,2.4,37.2,Il,4
O63,21.5,40.8,Il,4
O301,0.0,2.7,Glina,3
O301,2.7,18.6,Il,4
O396,8.0,35.4,Il,4
O396,35.4,39.6,Il,4
O444,0.0,3.0,Glina,3
O444,3.0,26.5,Il,4
O12,0.0,5.5,Glina,3
O12,5.5,11.3,Il,4
O103,2.2,25.4,Il,4
O268,0.0,19.4,Glina,3
O268,19.4,46.5,Il,4
O268,46.5,48.0,Mul,3
O637,0.0,4.6,Glina,3
O637,4.6,5.0,Il,4
O375,4.6,25.5,Il,4
O439,5.7,7.8,Il,4
O439,7.8,17.6,Mul,3
O501,0.0,0.9,Mul,3
O501,0.9,3.0,Il,4
O547,4.8,14.8,Il,4
O588,0.0,2.7,Glina,3
O588,2.7,10.0,Il,4
O534,0.0,4.5,Glina,3
O534,4.5,28.6,Il,4
O534,28.6,34.0,Il,4
O638,0.0,12.0,Il,4
O331,6.6,42.7,Il,4
O595,0.0,3.2,Glina,3
O595,3.2,41.2,Il,4
O595,41.2,49.7,Mul,3
O13,0.0,9.7,Il,4
O13,9.7,61.5,Il,4
O14,4.6,65.7,Il,4
O14,65.7,68.5,Il,4
O22,0.0,6.9,Glina,3
O22,6.9,63.3,Il,4
O23,23.6,58.1,Il,4
O31,18.7,83.0,Il,4
O31,83.0,85.5,Il,4
O40,10.5,45.0,Il,4
O126,5.6,58.0,Il,4
O136,22.0,56.0,Il,4
O163,0.0,26.6,Glina,3
O163,26.6,59.3,Il,4
O164,0.0,22.1,Glina,3
O164,22.1,37.3,Il,4
O186,20.0,74.0,Il,4
O186,74.0,77.1,Il,4
O202,15.2,80.5,Il,4
O205,0.0,11.7,Glina,3
O205,11.7,46.0,Il,4
O213,0.0,13.0,Glina,3
O213,13.0,48.0,Il,4
O213,48.0,52.4,Il,4
O232,0.0,17.7,Glina,3
O232,17.7,33.6,Il,4
O255,0.0,15.7,Glina,3
O255,15.7,46.7,Il,4
O261,0.0,11.0,Glina,3
O261,11.0,47.2,Il,4
O269,17.7,70.8,Il,4
O300,0.0,18.4,Glina,3
O300,18.4,50.3,Il,4
O346,0.0,7.4,Glina,3
O346,7.4,41.5,Il,4
O376,6.7,74.4,Il,4
O376,74.4,76.2,Il,4
O399,0.0,9.0,Glina,3
O399,9.0,31.4,Il,4
O404,0.0,8.3,Mul,3
O404,8.3,53.8,Il,4
O406,8.2,59.2,Il,4
O411,0.0,12.5,Glina,3
O411,12.5,22.5,Il,4
O418,0.0,4.8,Glina,3
O418,4.8,31.6,Il,4
O418,31.6,34.7,Il,4
O458,0.0,4.6,Glina,3
O458,4.6,13.7,Il,4
O463,0.0,20.1,Mul,3
O463,20.1,42.0,Il,4
O463,42.0,45.7,Il,4
O473,0.0,2.0,Glina,3
O473,2.0,25.3,Il,4
O480,0.0,3.8,Glina,3
O480,3.8,38.3,Il,4
O499,0.0,9.7,Mul,3
O499,9.7,22.3,Il,4
O502,0.0,5.6,Glina,3
O502,5.6,34.4,Il,4
O502,34.4,36.1,Il,4
O507,0.0,0.9,Glina,3
O507,0.9,2.9,Il,4
O509,0.0,15.1,Glina,3
O509,15.1,38.6,Il,4
O509,38.6,41.0,Il,4
O520,10.0,11.2,Il,4
O597,0.0,6.2,Glina,3
O597,6.2,32.2,Il,4
O601,17.0,45.4,Il,4
O89,8.6,27.0,Il,4
O25,0.0,12.6,Glina,3
O25,12.6,34.0,Il,4
O25,34.0,51.2,Il,4
O218,0.0,23.0,Glina,3
O218,23.0,51.2,Il,4
O218,51.2,53.6,Mul,3
O256,13.5,75.6,Il,4
O272,20.1,68.7,Il,4
O272,68.7,71.0,Mul,3
O371,20.0,75.5,Il,4
O371,75.5,76.5,Mul,3
O492,12.0,84.0,Il,4
O492,84.0,85.5,Mul,3
O540,21.0,81.5,Il,4
O540,81.5,83.0,Mul,3
O530,16.0,80.2,Il,4
O530,80.2,82.1,Mul,3
O94,0.0,22.0,Glina,3
O94,22.0,45.0,Il,4
O188,17.6,76.1,Il,4
O188,76.1,81.2,Mul,3
O192,3.0,43.0,Il,4
O192,43.0,44.5,Mul,3
O229,12.2,43.8,Il,4
O229,43.8,47.1,Mul,3
O476,6.8,36.0,Il,4
O476,36.0,45.0,Mul,3
O581,7.4,71.7,Il,4
O581,71.7,73.5,Mul,3
O578,7.9,37.2,Il,4
O54,0.0,3.3,Glina,3
O54,3.3,47.3,Il,4
O80,16.3,33.7,Il,4
O80,33.7,57.4,Il,4
O117,16.2,54.3,Il,4
O117,54.3,57.0,Mul,3
O316,13.2,78.2,Il,4
O316,78.2,81.6,Mul,3
O423,0.0,10.0,Mul,3
O423,10.0,65.4,Il,4
O423,65.4,68.0,Il,4
O427,20.8,45.7,Il,4
O511,19.5,79.3,Il,4
O511,79.3,81.5,Mul,3
O542,3.6,45.0,Il,4
O542,45.0,48.3,Mul,3
O307,0.0,10.0,Glina,3
O307,10.0,50.3,Il,4
O307,50.3,50.6,Mul,3
O424,0.0,7.0,Glina,3
O424,7.0,35.4,Il,4
O143,0.0,19.0,Glina,3
O143,19.0,34.0,Il,4
O143,34.0,39.0,Il,4
O158,0.0,14.7,Glina,3
O158,14.7,36.3,Il,4
O158,36.3,38.5,Il,4
O227,0.0,4.0,Glina,3
O227,4.0,29.0,Il,4
O227,29.0,37.5,Il,4
O260,14.5,52.8,Il,4
O343,6.7,15.9,Il,4
O343,15.9,28.4,Il,4
O430,0.0,7.2,Glina,3
O430,7.2,30.4,Il,4
O430,30.4,33.0,Il,4
O446,0.0,10.1,Glina,3
O446,10.1,39.4,Il,4
O446,39.4,57.0,Mul,3
O451,5.8,28.7,Il,4
O451,28.7,44.3,Il,4
O457,0.0,1.4,Mul,3
O457,1.4,27.1,Il,4
O457,27.1,32.8,Il,4
O596,7.2,28.2,Il,4
O596,28.2,34.0,Il,4
O2,6.6,22.0,Il,4
O2,22.0,33.0,Mul,3
O8,0.0,10.3,Il,4
O8,10.3,28.8,Il,4
O9,0.0,6.9,Glina,3
O9,6.9,59.5,Il,4
O10,14.2,36.0,Il,4
O17,19.1,37.6,Il,4
O123,18.0,71.4,Il,4
O123,71.4,81.5,Il,4
O130,0.0,4.8,Mul,3
O130,4.8,42.6,Il,4
O130,42.6,45.7,Mul,3
O190,5.0,47.1,Il,4
O190,47.1,54.0,Il,4
O214,19.6,38.3,Il,4
O214,38.3,46.0,Il,4
O222,0.9,41.3,Il,4
O257,0.0,3.8,Glina,3
O257,3.8,13.6,Il,4
O257,13.6,17.5,Il,4
O278,15.6,49.7,Il,4
O278,49.7,58.5,Il,4
O280,0.0,16.9,Glina,3
O280,16.9,27.6,Il,4
O280,27.6,33.5,Mul,3
O327,0.0,5.0,Glina,3
O327,5.0,42.0,Il,4
O340,0.0,4.1,Glina,3
O340,4.1,34.0,Il,4
O340,34.0,40.0,Mul,3
O374,0.0,15.2,Mul,3
O374,15.2,46.5,Il,4
O374,46.5,52.0,Mul,3
O390,4.2,47.5,Il,4
O397,0.0,9.0,Glina,3
O397,9.0,16.4,Il,4
O419,0.0,3.2,Glina,3
O419,3.2,37.0,Il,4
O419,37.0,43.2,Il,4
O420,6.0,20.1,Il,4
O420,20.1,26.0,Mul,3
O436,0.0,1.4,Glina,3
O436,1.4,15.1,Il,4
O436,15.1,17.8,Il,4
O453,0.0,8.5,Glina,3
O453,8.5,32.3,Il,4
O465,16.5,49.6,Il,4
O470,0.0,1.7,Mul,3
O470,1.7,36.1,Il,4
O470,36.1,41.0,Mul,3
O479,16.1,37.3,Il,4
O479,37.3,46.0,Il,4
O485,21.6,60.6,Il,4
O485,60.6,63.8,Mul,3
O488,4.8,9.4,Il,4
O488,9.4,19.3,Mul,3
O500,0.0,3.1,Glina,3
O500,3.1,15.7,Il,4
O500,15.7,20.0,Il,4
O538,0.0,6.5,Glina,3
O538,6.5,44.8,Il,4
O548,11.6,54.7,Il,4
O548,54.7,58.0,Il,4
O569,2.4,21.1,Il,4
O569,21.1,24.0,Il,4
O412,0.0,18.0,Mul,3
O412,18.0,29.9,Il,4
O469,2.3,11.5,Il,4
O469,11.5,18.4,Il,4
O362,5.0,16.9,Il,4
O11,0.0,4.6,Glina,3
O11,4.6,60.5,Il,4
O11,60.5,65.0,Mul,3
O16,9.1,62.9,Il,4
O16,62.9,65.0,Mul,3
O20,3.6,63.9,Il,4
O20,63.9,66.0,Mul,3
O56,8.0,47.6,Il,4
O56,47.6,49.0,Mul,3
O64,0.0,12.5,Il,4
O64,12.5,54.6,Il,4
O64,54.6,65.0,Mul,3
O168,0.0,6.3,Il,4
O168,6.3,50.0,Il,4
O168,50.0,52.5,Il,4
O175,0.8,48.6,Il,4
O175,48.6,52.7,Mul,3
O177,0.0,18.4,Glina,3
O177,18.4,52.3,Il,4
O177,52.3,60.0,Il,4
O441,0.0,8.4,Glina,3
O441,8.4,23.0,Il,4
O441,23.0,24.0,Mul,3
O447,0.0,13.8,Glina,3
O447,13.8,41.8,Il,4
O447,41.8,46.0,Mul,3
O454,0.0,10.0,Glina,3
O454,10.0,36.0,Il,4
O454,36.0,54.0,Mul,3
O455,6.0,34.9,Il,4
O455,34.9,38.5,Mul,3
O481,0.0,4.7,Glina,3
O481,4.7,37.5,Il,4
O481,37.5,42.0,Mul,3
O493,17.3,79.2,Il,4
O493,79.2,84.0,Mul,3
O532,0.0,13.2,Glina,3
O532,13.2,81.7,Il,4
O532,81.7,84.6,Mul,3
O535,22.8,73.8,Il,4
O535,73.8,82.2,Il,4
O426,0.0,3.6,Glina,3
O426,3.6,58.2,Il,4
O426,58.2,62.0,Mul,3
O378,7.6,68.2,Il,4
O378,68.2,69.5,Il,4
O99,13.5,78.3,Il,4
O99,78.3,82.6,Mul,3
O165,0.0,17.0,Glina,3
O165,17.0,45.5,Il,4
O165,45.5,48.0,Mul,3
O1,15.1,78.0,Il,4
O3,13.6,33.8,Il,4
O4,0.0,6.3,Mul,3
O4,6.3,24.3,Il,4
O6,0.0,4.2,Glina,3
O6,4.2,59.9,Il,4
O6,59.9,66.8,Il,4
O7,0.0,5.1,Glina,3
O7,5.1,63.3,Il,4
O7,63.3,70.1,Il,4
O15,19.1,54.5,Il,4
O18,0.0,1.0,Glina,3
O18,1.0,43.0,Il,4
O19,21.0,49.8,Il,4
O21,23.8,60.9,Il,4
O24,0.0,0.9,Glina,3
O24,0.9,27.6,Il,4
O26,0.0,8.6,Glina,3
O26,8.6,45.6,Il,4
O28,12.7,42.5,Il,4
O29,20.2,55.0,Il,4
O30,6.2,35.0,Il,4
O32,0.0,13.0,Glina,3
O32,13.0,27.7,Il,4
O33,17.6,79.8,Il,4
O34,0.0,5.8,Glina,3
O34,5.8,27.6,Il,4
O36,0.0,6.0,Glina,3
O36,6.0,23.5,Il,4
O37,0.0,17.0,Glina,3
O37,17.0,18.8,Il,4
O38,14.0,78.3,Il,4
O38,78.3,81.5,Mul,3
O39,0.0,8.8,Glina,3
O39,8.8,17.7,Il,4
O41,3.5,28.5,Il,4
O42,12.7,84.3,Il,4
O43,0.0,13.0,Glina,3
O43,13.0,34.8,Il,4
O44,0.0,5.4,Il,4
O44,5.4,31.0,Il,4
O45,12.5,80.0,Il,4
O46,6.6,38.2,Il,4
O47,0.0,17.1,Glina,3
O47,17.1,22.8,Il,4
O48,0.0,16.0,Glina,3
O48,16.0,18.5,Il,4
O50,0.0,8.5,Glina,3
O50,8.5,61.0,Il,4
O50,61.0,61.3,Mul,3
O51,2.2,49.2,Il,4
O53,18.0,56.3,Il,4
O55,21.6,57.0,Il,4
O57,21.3,56.4,Il,4
O58,5.0,30.8,Il,4
O59,20.1,56.5,Il,4
O60,0.0,3.8,Glina,3
O60,3.8,33.0,Il,4
O61,13.2,45.5,Il,4
O61,45.5,50.6,Mul,3
O62,3.0,67.9,Il,4
O65,21.2,38.8,Il,4
O67,22.6,41.1,Il,4
O68,10.2,43.5,Il,4
O69,21.6,49.4,Il,4
O71,19.3,51.1,Il,4
O73,0.0,1.1,Glina,3
O73,1.1,39.0,Il,4
O74,3.3,37.5,Il,4
O75,0.0,9.5,Glina,3
O75,9.5,36.1,Il,4
O76,3.0,22.7,Il,4
O77,7.4,52.3,Il,4
O77,52.3,53.0,Mul,3
O78,0.0,17.1,Mul,3
O78,17.1,79.6,Il,4
O78,79.6,82.6,Mul,3
O79,6.2,34.5,Il,4
O81,0.0,9.8,Glina,3
O81,9.8,53.0,Il,4
O81,53.0,54.0,Mul,3
O82,0.0,13.9,Glina,3
O82,13.9,52.1,Il,4
O82,52.1,53.5,Mul,3
O83,0.0,7.2,Glina,3
O83,7.2,30.0,Il,4
O84,0.0,3.2,Glina,3
O84,3.2,37.4,Il,4
O86,0.0,19.2,Glina,3
O86,19.2,25.1,Il,4
O87,0.0,19.3,Glina,3
O87,19.3,26.8,Il,4
O88,0.0,19.0,Glina,3
O88,19.0,40.4,Il,4
O90,0.0,16.5,Glina,3
O90,16.5,37.6,Il,4
O91,0.0,10.3,Glina,3
O91,10.3,31.0,Il,4
O92,27.1,36.4,Il,4
O93,0.0,7.0,Glina,3
O93,7.0,28.5,Il,4
O95,0.0,1.8,Glina,3
O95,1.8,33.2,Il,4
O96,22.2,82.7,Il,4
O96,82.7,83.5,Mul,3
O97,0.0,22.1,Mul,3
O97,22.1,70.0,Il,4
O98,0.0,5.0,Mul,3
O98,5.0,37.5,Il,4
O101,0.0,3.2,Glina,3
O101,3.2,19.3,Il,4
O102,0.0,15.2,Glina,3
O102,15.2,48.9,Il,4
O104,0.0,26.3,Glina,3
O104,26.3,39.8,Il,4
O105,0.0,23.3,Glina,3
O105,23.3,48.3,Il,4
O105,48.3,49.1,Mul,3
O106,0.0,6.2,Mul,3
O106,6.2,78.3,Il,4
O107,0.0,20.7,Glina,3
O107,20.7,53.5,Il,4
O108,4.7,67.9,Il,4
O109,0.0,13.7,Glina,3
O109,13.7,50.6,Il,4
O109,50.6,53.7,Mul,3
O110,20.2,52.5,Il,4
O111,0.0,14.1,Glina,3
O111,14.1,53.4,Il,4
O111,53.4,54.3,Mul,3
O112,20.4,54.5,Il,4
O113,0.0,7.4,Glina,3
O113,7.4,58.2,Il,4
O113,58.2,60.0,Mul,3
O114,21.7,80.0,Il,4
O114,80.0,80.5,Mul,3
O115,0.0,5.1,Glina,3
O115,5.1,60.2,Il,4
O115,60.2,60.9,Mul,3
O116,24.5,86.8,Il,4
O118,20.5,63.2,Il,4
O119,22.3,69.3,Il,4
O120,9.7,31.7,Il,4
O121,16.4,55.0,Il,4
O122,0.0,8.1,Mul,3
O122,8.1,57.9,Il,4
O124,6.0,59.7,Il,4
O128,0.0,9.0,Glina,3
O128,9.0,42.3,Il,4
O129,16.3,75.8,Il,4
O129,75.8,82.0,Mul,3
O131,0.0,1.5,Glina,3
O131,1.5,17.2,Il,4
O132,0.0,20.2,Glina,3
O132,20.2,61.7,Il,4
O132,61.7,62.7,Mul,3
O134,19.8,81.5,Il,4
O135,8.8,66.3,Il,4
O138,23.0,49.0,Il,4
O138,49.0,52.0,Mul,3
O139,14.3,40.0,Il,4
O139,40.0,40.5,Mul,3
O140,0.0,24.5,Glina,3
O140,24.5,37.9,Il,4
O141,14.2,39.0,Il,4
O141,39.0,39.4,Mul,3
O142,18.0,38.4,Il,4
O142,38.4,40.4,Mul,3
O144,18.3,38.2,Il,4
O145,0.0,18.5,Glina,3
O145,18.5,37.5,Il,4
O146,0.0,18.5,Glina,3
O146,18.5,37.5,Il,4
O147,0.0,18.0,Glina,3
O147,18.0,36.5,Il,4
O148,5.0,53.0,Il,4
O149,0.0,8.7,Glina,3
O149,8.7,37.5,Il,4
O150,6.9,37.5,Il,4
O151,3.9,48.1,Il,4
O152,12.2,38.9,Il,4
O154,0.0,8.5,Il,4
O154,8.5,25.2,Il,4
O155,19.6,76.7,Il,4
O155,76.7,79.6,Mul,3
O157,19.8,47.8,Il,4
O157,47.8,49.0,Mul,3
O160,0.0,11.2,Glina,3
O160,11.2,31.2,Il,4
O161,0.0,16.9,Glina,3
O161,16.9,39.0,Il,4
O162,0.0,24.2,Glina,3
O162,24.2,53.6,Il,4
O166,0.0,11.7,Glina,3
O166,11.7,54.7,Il,4
O167,0.0,11.0,Glina,3
O167,11.0,51.4,Il,4
O169,4.2,56.9,Il,4
O170,0.0,3.2,Glina,3
O170,3.2,54.0,Il,4
O170,54.0,56.0,Il,4
O171,8.0,35.3,Il,4
O172,0.0,5.8,Glina,3
O172,5.8,29.0,Il,4
O173,3.0,36.4,Il,4
O174,0.0,1.9,Glina,3
O174,1.9,33.9,Il,4
O176,0.0,13.2,Glina,3
O176,13.2,37.0,Il,4
O178,0.0,3.1,Glina,3
O178,3.1,69.8,Il,4
O179,0.0,18.8,Glina,3
O179,18.8,37.4,Il,4
O180,6.3,49.4,Il,4
O181,0.0,25.8,Glina,3
O181,25.8,36.8,Il,4
O183,0.0,28.4,Glina,3
O183,28.4,35.3,Il,4
O184,15.0,65.5,Il,4
O185,0.0,19.1,Glina,3
O185,19.1,36.8,Il,4
O187,0.0,2.0,Glina,3
O187,2.0,14.2,Il,4
O189,30.1,72.5,Il,4
O193,0.0,3.3,Glina,3
O193,3.3,34.7,Il,4
O195,18.8,52.0,Il,4
O196,0.0,10.4,Glina,3
O196,10.4,34.3,Il,4
O197,0.0,2.2,Mul,3
O197,2.2,34.6,Il,4
O198,17.7,75.8,Il,4
O199,18.4,35.0,Il,4
O201,0.0,10.4,Glina,3
O201,10.4,34.4,Il,4
O204,0.0,1.3,Mul,3
O204,1.3,32.4,Il,4
O206,0.0,6.9,Glina,3
O206,6.9,29.2,Il,4
O207,0.0,13.2,Glina,3
O207,13.2,45.8,Il,4
O207,45.8,46.0,Mul,3
O208,0.0,2.7,Glina,3
O208,2.7,17.7,Il,4
O210,15.3,45.3,Il,4
O211,22.3,33.2,Il,4
O212,18.6,42.3,Il,4
O212,42.3,42.5,Mul,3
O215,0.0,18.9,Glina,3
O215,18.9,39.2,Il,4
O216,0.0,20.7,Glina,3
O216,20.7,47.0,Il,4
O216,47.0,49.3,Mul,3
O217,17.1,35.5,Il,4
O219,7.9,36.2,Il,4
O221,0.0,17.7,Mul,3
O221,17.7,43.0,Il,4
O223,7.6,37.2,Il,4
O224,0.0,2.3,Il,4
O224,2.3,48.5,Il,4
O225,7.2,39.1,Il,4
O225,39.1,39.8,Mul,3
O226,4.6,37.5,Il,4
O226,37.5,40.6,Mul,3
O230,0.0,3.1,Glina,3
O230,3.1,25.8,Il,4
O231,0.0,8.2,Glina,3
O231,8.2,25.3,Il,4
O233,0.0,13.3,Glina,3
O233,13.3,37.3,Il,4
O233,37.3,40.0,Il,4
O234,0.0,10.7,Glina,3
O234,10.7,38.2,Il,4
O235,0.0,5.4,Glina,3
O235,5.4,38.2,Il,4
O236,0.0,9.8,Glina,3
O236,9.8,27.0,Il,4
O237,0.0,17.0,Glina,3
O237,17.0,37.6,Il,4
O238,0.0,10.0,Glina,3
O238,10.0,29.0,Il,4
O239,0.0,9.0,Glina,3
O239,9.0,29.3,Il,4
O240,3.0,48.0,Il,4
O240,48.0,49.0,Il,4
O241,12.5,45.7,Il,4
O241,45.7,46.3,Mul,3
O242,0.0,7.0,Glina,3
O242,7.0,38.5,Il,4
O244,0.0,17.8,Glina,3
O244,17.8,34.9,Il,4
O245,0.0,16.5,Glina,3
O245,16.5,33.6,Il,4
O246,20.1,38.2,Il,4
O248,20.0,36.2,Il,4
O249,0.0,5.8,Glina,3
O249,5.8,31.0,Il,4
O250,8.0,28.2,Il,4
O250,28.2,37.2,Il,4
O251,18.3,33.8,Il,4
O251,33.8,36.0,Il,4
O253,11.5,32.0,Il,4
O259,0.0,13.6,Glina,3
O259,13.6,37.5,Il,4
O262,17.5,76.2,Il,4
O263,0.0,9.6,Glina,3
O263,9.6,35.9,Il,4
O264,0.0,13.8,Glina,3
O264,13.8,48.0,Il,4
O264,48.0,53.0,Mul,3
O265,13.7,76.4,Il,4
O270,0.0,10.2,Glina,3
O270,10.2,29.6,Il,4
O273,5.2,53.7,Il,4
O274,11.2,63.7,Il,4
O275,3.0,26.2,Il,4
O275,26.2,29.0,Il,4
O276,19.8,40.2,Il,4
O277,10.5,56.3,Il,4
O279,0.0,13.3,Glina,3
O279,13.3,37.7,Il,4
O281,0.0,15.1,Glina,3
O281,15.1,40.7,Il,4
O282,16.4,37.5,Il,4
O283,0.0,15.8,Glina,3
O283,15.8,36.7,Il,4
O284,7.5,37.2,Il,4
O285,0.0,15.8,Glina,3
O285,15.8,39.2,Il,4
O286,16.0,50.2,Il,4
O287,0.0,1.7,Glina,3
O287,1.7,26.2,Il,4
O288,22.3,42.3,Il,4
O289,1.3,32.6,Il,4
O290,13.9,43.2,Il,4
O290,43.2,43.6,Mul,3
O291,12.2,34.5,Il,4
O292,0.0,11.8,Glina,3
O292,11.8,31.3,Il,4
O293,8.8,25.8,Il,4
O294,0.0,18.1,Glina,3
O294,18.1,32.3,Il,4
O295,0.0,10.4,Glina,3
O295,10.4,31.5,Il,4
O296,0.0,11.66,Glina,3
O296,11.66,30.4,Il,4
O297,16.1,43.7,Il,4
O297,43.7,44.3,Mul,3
O298,10.6,37.5,Il,4
O302,15.8,44.2,Il,4
O303,0.0,1.5,Glina,3
O303,1.5,18.8,Il,4
O305,0.0,5.5,Glina,3
O305,5.5,36.5,Il,4
O305,36.5,38.5,Il,4
O306,24.8,45.2,Il,4
O310,9.8,36.5,Il,4
O310,36.5,37.8,Mul,3
O311,0.0,14.8,Glina,3
O311,14.8,51.0,Il,4
O311,51.0,51.5,Mul,3
O312,0.0,10.2,Mul,3
O312,10.2,35.9,Il,4
O312,35.9,36.8,Mul,3
O313,0.0,12.2,Il,4
O313,12.2,45.8,Il,4
O313,45.8,48.0,Il,4
O315,8.7,47.0,Il,4
O317,0.0,10.6,Glina,3
O317,10.6,43.1,Il,4
O317,43.1,44.0,Mul,3
O318,12.8,72.5,Il,4
O319,20.6,58.5,Il,4
O320,0.0,9.6,Glina,3
O320,9.6,23.0,Il,4
O321,24.0,42.2,Il,4
O326,0.0,16.3,Mul,3
O326,16.3,67.4,Il,4
O329,4.4,41.1,Il,4
O329,41.1,42.8,Mul,3
O330,12.4,66.2,Il,4
O330,66.2,67.0,Mul,3
O332,0.0,9.0,Glina,3
O332,9.0,47.3,Il,4
O333,7.4,44.0,Il,4
O333,44.0,44.2,Mul,3
O334,0.0,4.9,Glina,3
O334,4.9,63.1,Il,4
O336,0.0,8.6,Il,4
O336,8.6,25.0,Il,4
O337,0.0,19.0,Mul,3
O337,19.0,42.0,Il,4
O339,15.2,48.5,Il,4
O341,0.0,4.3,Glina,3
O341,4.3,8.5,Il,4
O342,0.0,4.7,Glina,3
O342,4.7,11.8,Il,4
O344,0.0,12.1,Glina,3
O344,12.1,27.4,Il,4
O345,21.2,30.3,Il,4
O348,0.0,6.0,Glina,3
O348,6.0,41.0,Il,4
O348,41.0,41.8,Mul,3
O349,15.4,74.5,Il,4
O349,74.5,75.0,Mul,3
O351,0.0,4.0,Glina,3
O351,4.0,38.5,Il,4
O353,0.0,13.7,Glina,3
O353,13.7,40.8,Il,4
O355,0.0,3.3,Glina,3
O355,3.3,23.5,Il,4
O356,29.2,43.5,Il,4
O358,2.6,20.4,Il,4
O359,6.0,42.0,Il,4
O359,42.0,43.0,Mul,3
O360,0.0,6.8,Glina,3
O360,6.8,10.1,Il,4
O361,0.0,4.1,Glina,3
O361,4.1,11.5,Il,4
O363,2.2,33.5,Il,4
O364,0.0,2.1,Glina,3
O364,2.1,50.1,Il,4
O366,0.0,8.9,Glina,3
O366,8.9,35.6,Il,4
O366,35.6,37.0,Mul,3
O367,0.0,2.8,Glina,3
O367,2.8,48.1,Il,4
O369,2.8,45.2,Il,4
O369,45.2,47.9,Mul,3
O370,4.7,39.9,Il,4
O372,1.7,25.5,Il,4
O377,12.7,67.0,Il,4
O379,10.4,52.5,Il,4
O380,18.4,54.8,Il,4
O381,5.7,35.7,Il,4
O386,0.0,2.3,Glina,3
O386,2.3,13.3,Il,4
O386,13.3,14.6,Il,4
O387,0.0,4.9,Glina,3
O387,4.9,9.2,Il,4
O389,0.0,3.5,Glina,3
O389,3.5,30.0,Il,4
O391,5.7,48.0,Il,4
O640,0.0,5.6,Glina,3
O392,0.0,6.1,Glina,3
O392,6.1,11.2,Il,4
O393,0.0,10.6,Glina,3
O393,10.6,13.3,Il,4
O394,0.0,9.7,Glina,3
O394,9.7,25.0,Il,4
O395,6.1,56.7,Il,4
O398,0.0,10.0,Glina,3
O398,10.0,45.3,Il,4
O401,0.0,8.4,Glina,3
O401,8.4,39.7,Il,4
O402,8.4,38.3,Il,4
O403,0.0,8.1,Glina,3
O403,8.1,45.0,Il,4
O408,0.0,6.7,Glina,3
O408,6.7,33.4,Il,4
O409,2.8,16.6,Il,4
O410,10.4,16.0,Il,4
O414,0.0,7.8,Glina,3
O414,7.8,27.5,Il,4
O415,0.0,15.4,Glina,3
O415,15.4,28.6,Il,4
O416,18.8,49.2,Il,4
O421,12.8,72.5,Il,4
O422,0.0,11.0,Glina,3
O422,11.0,43.6,Il,4
O422,43.6,45.1,Mul,3
O425,12.5,45.1,Il,4
O428,22.3,30.7,Il,4
O431,13.8,32.7,Il,4
O432,0.0,17.5,Mul,3
O432,17.5,37.0,Il,4
O433,4.6,48.0,Il,4
O434,22.4,76.8,Il,4
O434,76.8,78.0,Mul,3
O437,7.3,42.1,Il,4
O437,42.1,52.1,Mul,3
O438,7.4,65.4,Il,4
O440,0.0,2.1,Glina,3
O440,2.1,9.6,Il,4
O443,0.0,7.5,Glina,3
O443,7.5,50.3,Il,4
O445,0.0,5.2,Glina,3
O445,5.2,32.0,Il,4
O448,14.6,39.6,Il,4
O449,0.0,2.1,Glina,3
O449,2.1,26.0,Il,4
O450,0.0,7.6,Glina,3
O450,7.6,27.2,Il,4
O452,8.2,33.9,Il,4
O456,0.0,10.0,Glina,3
O456,10.0,35.0,Il,4
O456,35.0,37.0,Mul,3
O459,0.0,5.2,Mul,3
O459,5.2,33.6,Il,4
O460,6.3,34.1,Il,4
O464,0.0,4.8,Glina,3
O464,4.8,44.5,Il,4
O464,44.5,46.8,Mul,3
O641,0.0,0.9,Glina,3
O642,0.0,1.5,Glina,3
O466,18.2,33.5,Il,4
O471,0.0,2.5,Il,4
O471,2.5,31.4,Il,4
O472,0.0,1.8,Glina,3
O472,1.8,12.6,Il,4
O643,0.0,6.8,Il,4
O474,0.0,8.0,Il,4
O474,8.0,41.6,Il,4
O477,0.0,1.6,Glina,3
O477,1.6,33.1,Il,4
O478,0.0,5.0,Glina,3
O478,5.0,45.5,Il,4
O482,3.1,24.2,Il,4
O483,5.5,22.1,Il,4
O484,0.0,10.6,Glina,3
O484,10.6,37.4,Il,4
O486,2.8,26.8,Il,4
O487,0.0,3.7,Glina,3
O487,3.7,17.5,Il,4
O489,0.0,5.6,Glina,3
O489,5.6,10.5,Il,4
O490,26.5,84.3,Il,4
O490,84.3,86.0,Il,4
O495,23.7,55.3,Il,4
O496,9.6,29.0,Il,4
O503,4.5,41.5,Il,4
O504,11.5,90.0,Il,4
O504,90.0,94.5,Mul,3
O505,0.0,4.5,Glina,3
O505,4.5,17.5,Il,4
O506,3.8,14.5,Il,4
O508,0.0,0.8,Glina,3
O508,0.8,6.4,Il,4
O510,9.8,32.2,Il,4
O513,21.6,64.0,Il,4
O516,0.0,13.3,Mul,3
O516,13.3,27.7,Il,4
O517,0.0,9.0,Glina,3
O517,9.0,15.0,Il,4
O517,15.0,16.3,Mul,3
O518,0.0,1.2,Mul,3
O518,1.2,33.3,Il,4
O519,18.7,58.4,Il,4
O521,0.0,2.3,Glina,3
O521,2.3,25.3,Il,4
O522,19.5,88.0,Il,4
O523,9.6,29.9,Il,4
O524,15.5,46.7,Il,4
O526,0.0,6.0,Glina,3
O526,6.0,29.0,Il,4
O527,16.7,47.3,Il,4
O527,47.3,50.7,Mul,3
O528,3.6,47.9,Il,4
O531,0.0,11.3,Glina,3
O531,11.3,25.2,Il,4
O533,13.0,75.6,Il,4
O533,75.6,84.0,Mul,3
O536,19.8,42.3,Il,4
O541,0.0,5.7,Glina,3
O541,5.7,45.2,Il,4
O543,0.0,3.4,Glina,3
O543,3.4,37.9,Il,4
O549,0.0,12.3,Glina,3
O549,12.3,36.2,Il,4
O550,8.5,48.5,Il,4
O552,18.7,50.4,Il,4
O553,15.0,37.0,Il,4
O554,0.0,4.3,Glina,3
O554,4.3,48.0,Il,4
O555,17.0,39.8,Il,4
O556,0.0,1.5,Glina,3
O556,1.5,43.5,Il,4
O557,21.0,42.5,Il,4
O558,0.0,6.8,Glina,3
O558,6.8,13.7,Il,4
O559,24.8,42.5,Il,4
O561,25.0,41.5,Il,4
O562,0.8,10.4,Il,4
O563,0.0,2.8,Glina,3
O563,2.8,20.7,Il,4
O564,26.0,41.4,Il,4
O565,0.0,2.8,Glina,3
O565,2.8,19.3,Il,4
O566,28.5,41.0,Il,4
O567,3.0,13.0,Il,4
O568,20.5,41.1,Il,4
O570,16.7,34.9,Il,4
O571,0.0,11.0,Glina,3
O571,11.0,17.4,Il,4
O572,1.6,19.7,Il,4
O573,17.8,35.5,Il,4
O575,0.7,11.9,Il,4
O576,19.9,42.5,Il,4
O579,0.0,2.0,Glina,3
O579,2.0,71.2,Il,4
O636,11.5,48.6,Il,4
O580,0.0,3.5,Glina,3
O580,3.5,34.0,Il,4
O580,34.0,35.5,Mul,3
O582,0.0,1.0,Glina,3
O582,1.0,47.7,Il,4
O583,5.7,29.5,Il,4
O583,29.5,34.5,Il,4
O585,5.0,45.0,Il,4
O589,0.0,10.0,Glina,3
O589,10.0,36.0,Il,4
O590,2.1,23.6,Il,4
O591,0.0,7.0,Glina,3
O591,7.0,36.5,Il,4
O592,6.7,31.2,Il,4
O593,0.0,4.2,Glina,3
O593,4.2,22.2,Il,4
O594,0.0,8.3,Glina,3
O594,8.3,22.2,Il,4
O598,0.0,5.2,Glina,3
O598,5.2,43.3,Il,4
O599,0.0,3.0,Glina,3
O599,3.0,32.9,Il,4
O602,5.7,35.2,Il,4
O603,0.0,14.5,Mul,3
O603,14.5,39.0,Il,4
O603,39.0,45.0,Zwietrzelina,2
O604,0.0,5.0,Piasek,1
O604,5.0,43.0,Il,4
O604,43.0,55.0,Zwir,1
O605,0.0,7.0,Zwir,1
O605,7.0,47.0,Il,4
O605,47.0,55.0,Zwir,1
O606,0.0,10.0,Zwir,1
O606,10.0,43.0,Il,4
O606,43.0,70.0,Zwietrzelina,2
O607,0.0,9.0,Zwir,1
O607,9.0,38.0,Il,4
O607,38.0,70.0,Zwir,1
O608,0.0,18.5,Glina,3
O608,18.5,48.3,Il,4
O608,48.3,64.2,Zwir,1
O609,0.0,3.3,Piasek,1
O609,3.3,39.6,Il,4
O609,39.6,48.0,Wegiel,2
O610,0.0,13.0,Piasek,1
O610,13.0,53.0,Il,4
O610,53.0,54.0,Zwietrzelina,2
O611,0.0,9.6,Glina,3
O611,9.6,60.0,Il,4
O611,60.0,69.6,Zwir,1
O612,0.0,11.6,Glina,3
O612,11.6,43.5,Il,4
O613,0.0,8.0,Zwir,1
O613,8.0,89.0,Il,4
O614,0.0,2.0,Glina,3
O615,0.0,1.5,Glina,3
O615,1.5,5.0,Il,4
O616,0.0,2.5,Piasek,1
O617,0.0,4.0,Zwir,1
O618,0.0,28.0,Piasek,1
O619,0.0,27.5,Zwir,1
O620,0.0,20.0,Glina,3
O620,20.0,81.5,Il,4
O620,81.5,93.5,Zwir,1
O621,0.0,9.6,Glina,3
O621,9.6,48.0,Il,4
O622,0.0,9.0,Zwir,1
O622,9.0,80.0,Il,4
O623,0.0,33.0,Piasek,1
O623,33.0,43.0,Il,4
O624,0.0,30.0,Glina,3
O625,0.0,10.6,Glina,3
O626,0.0,28.0,Glina,3
O627,0.0,9.5,Zwir,1
O627,9.5,30.0,Il,4
O628,0.0,9.5,Zwir,1
O628,9.5,23.0,Il,4
O629,0.0,12.0,Piasek,1
O630,0.0,21.0,Piasek,1
O630,21.0,65.0,Il,4
O631,0.0,11.5,Glina,3
O631,11.5,25.0,Il,4
O632,0.0,11.5,Glina,3
O633,0.0,3.7,Glina,3
